Cod IBGE,UF,Município,População Estimada - 2017
2700102,AL,ÁGUA BRANCA,20467
2700300,AL,ARAPIRACA,234185
2700706,AL,BATALHA,18757
2700904,AL,BELO MONTE,6797
2701209,AL,CACIMBINHAS,10897
2701605,AL,CANAPI,17983
2701803,AL,CARNEIROS,9155
2702009,AL,COITÉ DO NÓIA,10888
2702355,AL,CRAÍBAS,24510
2702405,AL,DELMIRO GOUVEIA,52597
2702504,AL,DOIS RIACHOS,11214
2702553,AL,ESTRELA DE ALAGOAS,18435
2702900,AL,GIRAU DO PONCIANO,41279
2703106,AL,IGACI,26022
2703304,AL,INHAPI,18652
2703403,AL,JACARÉ DOS HOMENS,5356
2703700,AL,JARAMATAIA,5676
2704104,AL,LAGOA DA CANOA,18175
2704401,AL,MAJOR ISIDORO,20200
2704609,AL,MARAVILHA,9418
2705002,AL,MATA GRANDE,25589
2705309,AL,MINADOR DO NEGRÃO,5413
2705408,AL,MONTEIRÓPOLIS,7260
2705705,AL,OLHO D'ÁGUA DAS FLORES,21767
2705804,AL,OLHO D'ÁGUA DO CASADO,9459
2706000,AL,OLIVENÇA,11772
2706109,AL,OURO BRANCO,11635
2706208,AL,PALESTINA,5066
2706307,AL,PALMEIRA DOS ÍNDIOS,74208
2706406,AL,PÃO DE AÇÚCAR,24792
2706422,AL,PARICONHA,10684
2707107,AL,PIRANHAS,25298
2707206,AL,POÇO DAS TRINCHEIRAS,14575
2707602,AL,QUEBRANGULO,11496
2708006,AL,SANTANA DO IPANEMA,48232
2708402,AL,SÃO JOSÉ DA TAPERA,32626
2708956,AL,SENADOR RUI PALMEIRA,14036
2709202,AL,TRAIPU,28070
2900108,BA,ABAÍRA,9199
2900207,BA,ABARÉ,20189
2900355,BA,ADUSTINA,17349
2900405,BA,ÁGUA FRIA,17508
2901007,BA,AMARGOSA,38259
2901155,BA,AMÉRICA DOURADA,16798
2901205,BA,ANAGÉ,19568
2901304,BA,ANDARAÍ,13737
2901353,BA,ANDORINHA,15490
2901403,BA,ANGICAL,14690
2901502,BA,ANGUERA,11481
2901601,BA,ANTAS,19569
2901700,BA,ANTÔNIO CARDOSO,12208
2901809,BA,ANTÔNIO GONÇALVES,12072
2902005,BA,ARACATU,13962
2902104,BA,ARACI,55935
2902500,BA,BAIANÓPOLIS,14323
2902609,BA,BAIXA GRANDE,21403
2902658,BA,BANZAÊ,13765
2902708,BA,BARRA,54915
2902807,BA,BARRA DA ESTIVA,22082
2902906,BA,BARRA DO CHOÇA,34121
2903003,BA,BARRA DO MENDES,14560
2903201,BA,BARREIRAS,157638
2903235,BA,BARRO ALTO,15217
2903276,BA,BARROCAS,16296
2903508,BA,BELO CAMPO,18247
2903607,BA,BIRITINGA,16653
2903706,BA,BOA NOVA,14069
2903805,BA,BOA VISTA DO TUPIM,19502
2903904,BA,BOM JESUS DA LAPA,70618
2903953,BA,BOM JESUS DA SERRA,10477
2904001,BA,BONINAL,14760
2904050,BA,BONITO,17131
2904100,BA,BOQUIRA,22464
2904209,BA,BOTUPORÃ,10898
2904308,BA,BREJÕES,15122
2904407,BA,BREJOLÂNDIA,10833
2904506,BA,BROTAS DE MACAÚBAS,10974
2904605,BA,BRUMADO,69677
2904753,BA,BURITIRAMA,21786
2904803,BA,CAATIBA,7841
2904852,BA,CABACEIRAS DO PARAGUAÇU,19312
2905008,BA,CACULÉ,23817
2905107,BA,CAÉM,10058
2905156,BA,CAETANOS,16106
2905206,BA,CAETITÉ,52853
2905305,BA,CAFARNAUM,19006
2905503,BA,CALDEIRÃO GRANDE,13713
2905909,BA,CAMPO ALEGRE DE LOURDES,30048
2906006,BA,CAMPO FORMOSO,73448
2906105,BA,CANÁPOLIS,10151
2906204,BA,CANARANA,26862
2906402,BA,CANDEAL,8837
2906600,BA,CANDIBA,14792
2906709,BA,CÂNDIDO SALES,26674
2906808,BA,CANSANÇÃO,36191
2906824,BA,CANUDOS,17316
2906857,BA,CAPELA DO ALTO ALEGRE,12199
2906873,BA,CAPIM GROSSO,31392
2906899,BA,CARAÍBAS,9773
2907103,BA,CARINHANHA,30118
2907202,BA,CASA NOVA,73382
2907301,BA,CASTRO ALVES,27238
2907558,BA,CATURAMA,9764
2907608,BA,CENTRAL,17969
2907707,BA,CHORROCHÓ,11591
2907806,BA,CÍCERO DANTAS,34676
2907905,BA,CIPÓ,17739
2908101,BA,COCOS,19498
2908408,BA,CONCEIÇÃO DO COITÉ,68303
2908705,BA,CONDEÚBA,18191
2908804,BA,CONTENDAS DO SINCORÁ,4299
2909000,BA,CORDEIROS,8904
2909109,BA,CORIBE,14933
2909208,BA,CORONEL JOÃO SÁ,16814
2909406,BA,COTEGIPE,14414
2909505,BA,CRAVOLÂNDIA,5576
2909604,BA,CRISÓPOLIS,21835
2909703,BA,CRISTÓPOLIS,14403
2909901,BA,CURAÇÁ,35524
2910107,BA,DOM BASÍLIO,12604
2910305,BA,ELÍSIO MEDRADO,8461
2910404,BA,ENCRUZILHADA,19376
2900504,BA,ÉRICO CARDOSO,11212
2910701,BA,EUCLIDES DA CUNHA,61924
2910750,BA,FÁTIMA,18443
2910776,BA,FEIRA DA MATA,5922
2910800,BA,FEIRA DE SANTANA,627477
2910859,BA,FILADÉLFIA,17176
2911105,BA,FORMOSA DO RIO PRETO,25912
2911253,BA,GAVIÃO,4725
2911303,BA,GENTIO DO OURO,11639
2911402,BA,GLÓRIA,15840
2911659,BA,GUAJERU,8081
2911709,BA,GUANAMBI,86808
2911857,BA,HELIÓPOLIS,13718
2911907,BA,IAÇU,25884
2912004,BA,IBIASSUCÊ,10183
2912202,BA,IBICOARA,19786
2912400,BA,IBIPEBA,18678
2912509,BA,IBIPITANGA,15413
2912608,BA,IBIQUERA,4214
2913002,BA,IBITIARA,16855
2913101,BA,IBITITÁ,17948
2913200,BA,IBOTIRAMA,27862
2913309,BA,ICHU,6437
2913408,BA,IGAPORÃ,16283
2913507,BA,IGUAÍ,27939
2913705,BA,INHAMBUPE,40453
2913804,BA,IPECAETÁ,15499
2914000,BA,IPIRÁ,62631
2914109,BA,IPUPIARA,10157
2914208,BA,IRAJUBA,7521
2914307,BA,IRAMAIA,9901
2914406,BA,IRAQUARA,25536
2914604,BA,IRECÊ,74483
2914703,BA,ITABERABA,66806
2915007,BA,ITAETÉ,16586
2915106,BA,ITAGI,13199
2915353,BA,ITAGUAÇU DA BAHIA,14718
2915809,BA,ITAMBÉ,24901
2916401,BA,ITAPETINGA,77533
2916500,BA,ITAPICURU,36211
2916708,BA,ITAQUARA,8592
2916807,BA,ITARANTIM,20314
2916856,BA,ITATIM,14957
2916906,BA,ITIRUÇU,13254
2917003,BA,ITIÚBA,37567
2917102,BA,ITORORÓ,21241
2917201,BA,ITUAÇU,19577
2917334,BA,IUIU,11399
2917409,BA,JACARACI,15459
2917508,BA,JACOBINA,83635
2917607,BA,JAGUAQUARA,56033
2917706,BA,JAGUARARI,34499
2918001,BA,JEQUIÉ,162209
2918100,BA,JEREMOABO,41605
2918357,BA,JOÃO DOURADO,25646
2918407,BA,JUAZEIRO,221773
2918506,BA,JUSSARA,16006
2918605,BA,JUSSIAPE,7066
2918704,BA,LAFAIETE COUTINHO,3975
2918753,BA,LAGOA REAL,16029
2919009,BA,LAJEDINHO,4017
2919058,BA,LAJEDO DO TABOCAL,8886
2919108,BA,LAMARÃO,9007
2919157,BA,LAPÃO,28244
2919306,BA,LENÇÓIS,11636
2919405,BA,LICÍNIO DE ALMEIDA,12969
2919504,BA,LIVRAMENTO DE NOSSA SENHORA,46739
2919603,BA,MACAJUBA,11879
2919702,BA,MACARANI,19110
2919801,BA,MACAÚBAS,50987
2919900,BA,MACURURÉ,8266
2919959,BA,MAETINGA,4456
2920007,BA,MAIQUINIQUE,10274
2920106,BA,MAIRI,19695
2920205,BA,MALHADA,17526
2920304,BA,MALHADA DE PEDRAS,8856
2920403,BA,MANOEL VITORINO,14251
2920452,BA,MANSIDÃO,13959
2920502,BA,MARACÁS,23018
2920809,BA,MARCIONÍLIO SOUZA,10931
2921054,BA,MATINA,12488
2921203,BA,MIGUEL CALMON,27520
2921302,BA,MILAGRES,11585
2921401,BA,MIRANGABA,18729
2921450,BA,MIRANTE,9578
2921500,BA,MONTE SANTO,51953
2921609,BA,MORPARÁ,8950
2921708,BA,MORRO DO CHAPÉU,36856
2921807,BA,MORTUGABA,12529
2921906,BA,MUCUGÊ,9957
2922052,BA,MULUNGU DO MORRO,11988
2922102,BA,MUNDO NOVO,27364
2922250,BA,MUQUÉM DO SÃO FRANCISCO,11644
2922656,BA,NORDESTINA,13597
2922706,BA,NOVA CANAÃ,17141
2922730,BA,NOVA FÁTIMA,8119
2922805,BA,NOVA ITARANA,8428
2922854,BA,NOVA REDENÇÃO,9500
2922904,BA,NOVA SOURE,25460
2923035,BA,NOVO HORIZONTE,12514
2923050,BA,NOVO TRIUNFO,16037
2923100,BA,OLINDINA,29227
2923209,BA,OLIVEIRA DOS BREJINHOS,22805
2923357,BA,OUROLÂNDIA,18025
2923407,BA,PALMAS DE MONTE ALTO,22553
2923506,BA,PALMEIRAS,9250
2923605,BA,PARAMIRIM,22286
2923704,BA,PARATINGA,32967
2923803,BA,PARIPIRANGA,30075
2924009,BA,PAULO AFONSO,120706
2924058,BA,PÉ DE SERRA,14226
2924207,BA,PEDRO ALEXANDRE,18209
2924306,BA,PIATÃ,18267
2924405,BA,PILÃO ARCADO,35740
2924504,BA,PINDAÍ,16889
2924603,BA,PINDOBAÇU,21171
2924652,BA,PINTADAS,11012
2924702,BA,PIRIPÁ,11849
2924801,BA,PIRITIBA,25211
2924900,BA,PLANALTINO,9582
2925006,BA,PLANALTO,26915
2925105,BA,POÇÕES,48861
2925253,BA,PONTO NOVO,15830
2925402,BA,POTIRAGUÁ,8438
2925600,BA,PRESIDENTE DUTRA,15734
2925709,BA,PRESIDENTE JÂNIO QUADROS,13334
2925808,BA,QUEIMADAS,26552
2925907,BA,QUIJINGUE,28632
2925931,BA,QUIXABEIRA,9411
2925956,BA,RAFAEL JAMBEIRO,23562
2926004,BA,REMANSO,42672
2926103,BA,RETIROLÂNDIA,14730
2926202,BA,RIACHÃO DAS NEVES,23313
2926301,BA,RIACHÃO DO JACUÍPE,34784
2926400,BA,RIACHO DE SANTANA,36439
2926509,BA,RIBEIRA DO AMPARO,15443
2926608,BA,RIBEIRA DO POMBAL,54965
2926657,BA,RIBEIRÃO DO LARGO,7437
2926707,BA,RIO DE CONTAS,13712
2926806,BA,RIO DO ANTÔNIO,15804
2926905,BA,RIO DO PIRES,12130
2927101,BA,RODELAS,9405
2927200,BA,RUY BARBOSA,32009
2927507,BA,SANTA BÁRBARA,21415
2927606,BA,SANTA BRÍGIDA,14976
2927903,BA,SANTA INÊS,11161
2928109,BA,SANTA MARIA DA VITÓRIA,41769
2928406,BA,SANTA RITA DE CÁSSIA,29146
2928505,BA,SANTA TEREZINHA,10682
2928000,BA,SANTALUZ,38422
2928208,BA,SANTANA,27492
2928307,BA,SANTANÓPOLIS,9263
2928802,BA,SANTO ESTÊVÃO,53898
2928950,BA,SÃO DOMINGOS,9404
2929057,BA,SÃO FÉLIX DO CORIBE,15825
2929255,BA,SÃO GABRIEL,19613
2929370,BA,SÃO JOSÉ DO JACUÍPE,10784
2929701,BA,SÁTIRO DIAS,20429
2929800,BA,SAÚDE,13385
2929909,BA,SEABRA,45568
2930006,BA,SEBASTIÃO LARANJEIRAS,11696
2930105,BA,SENHOR DO BONFIM,81218
2930204,BA,SENTO SÉ,41891
2930154,BA,SERRA DO RAMALHO,32991
2930303,BA,SERRA DOURADA,18320
2930402,BA,SERRA PRETA,16036
2930501,BA,SERRINHA,83088
2930600,BA,SERROLÂNDIA,13832
2930758,BA,SÍTIO DO MATO,13437
2930766,BA,SÍTIO DO QUINTO,11283
2930774,BA,SOBRADINHO,23713
2930808,BA,SOUTO SOARES,17503
2930907,BA,TABOCAS DO BREJO VELHO,13057
2931004,BA,TANHAÇU,21315
2931053,BA,TANQUE NOVO,17884
2931103,BA,TANQUINHO,8232
2931301,BA,TAPIRAMUTÁ,17845
2931509,BA,TEOFILÂNDIA,23378
2931806,BA,TREMEDAL,17700
2931905,BA,TUCANO,52540
2932002,BA,UAUÁ,25773
2932101,BA,UBAÍRA,20800
2932408,BA,UIBAÍ,14474
2932457,BA,UMBURANAS,19522
2932606,BA,URANDI,17356
2932804,BA,UTINGA,19780
2933000,BA,VALENTE,28743
2933059,BA,VÁRZEA DA ROÇA,14662
2933109,BA,VÁRZEA DO POÇO,9449
2933158,BA,VÁRZEA NOVA,13454
2933307,BA,VITÓRIA DA CONQUISTA,348718
2933406,BA,WAGNER,9753
2933455,BA,WANDERLEY,12935
2933604,BA,XIQUE-XIQUE,48365
2300101,CE,ABAIARA,11605
2300150,CE,ACARAPE,16543
2300200,CE,ACARAÚ,62199
2300309,CE,ACOPIARA,53572
2300408,CE,AIUABA,17194
2300507,CE,ALCÂNTARAS,11459
2300606,CE,ALTANEIRA,7479
2300705,CE,ALTO SANTO,16976
2300754,CE,AMONTADA,42901
2300804,CE,ANTONINA DO NORTE,7278
2300903,CE,APUIARÉS,14719
2301109,CE,ARACATI,73629
2301208,CE,ARACOIABA,26269
2301257,CE,ARARENDÁ,10823
2301307,CE,ARARIPE,21398
2301406,CE,ARATUBA,11244
2301505,CE,ARNEIROZ,7777
2301604,CE,ASSARÉ,23254
2301703,CE,AURORA,24496
2301802,CE,BAIXIO,6228
2301851,CE,BANABUIÚ,18027
2301901,CE,BARBALHA,59811
2301950,CE,BARREIRA,20978
2302008,CE,BARRO,22440
2302057,CE,BARROQUINHA,14880
2302107,CE,BATURITÉ,35351
2302206,CE,BEBERIBE,53110
2302305,CE,BELA CRUZ,32378
2302404,CE,BOA VIAGEM,54049
2302503,CE,BREJO SANTO,48830
2302602,CE,CAMOCIM,62985
2302701,CE,CAMPOS SALES,27209
2302800,CE,CANINDÉ,77514
2302909,CE,CAPISTRANO,17668
2303006,CE,CARIDADE,22320
2303105,CE,CARIRÉ,18660
2303204,CE,CARIRIAÇU,26892
2303303,CE,CARIÚS,18804
2303402,CE,CARNAUBAL,17631
2303501,CE,CASCAVEL,71079
2303600,CE,CATARINA,20451
2303659,CE,CATUNDA,10365
2303709,CE,CAUCAIA,362223
2303808,CE,CEDRO,25063
2303907,CE,CHAVAL,12952
2303931,CE,CHORÓ,13384
2303956,CE,CHOROZINHO,19197
2304004,CE,COREAÚ,23107
2304103,CE,CRATEÚS,74426
2304202,CE,CRATO,130604
2304236,CE,CROATÁ,17874
2304251,CE,CRUZ,23983
2304269,CE,DEPUTADO IRAPUAN PINHEIRO,9521
2304277,CE,ERERÊ,7163
2304301,CE,FARIAS BRITO,18720
2304350,CE,FORQUILHA,24047
2304459,CE,FORTIM,16272
2304509,CE,FRECHEIRINHA,13669
2304608,CE,GENERAL SAMPAIO,6922
2304657,CE,GRAÇA,15307
2304707,CE,GRANJA,54365
2304806,CE,GRANJEIRO,4425
2304905,CE,GROAÍRAS,11012
2304954,CE,GUAIÚBA,26331
2305001,CE,GUARACIABA DO NORTE,39445
2305100,CE,GUARAMIRANGA,3547
2305209,CE,HIDROLÂNDIA,20215
2305233,CE,HORIZONTE,65928
2305266,CE,IBARETAMA,13218
2305308,CE,IBIAPINA,24825
2305332,CE,IBICUITINGA,12350
2305357,CE,ICAPUÍ,19685
2305407,CE,ICÓ,67486
2305506,CE,IGUATU,102614
2305605,CE,INDEPENDÊNCIA,25967
2305654,CE,IPAPORANGA,11499
2305704,CE,IPAUMIRIM,12349
2305803,CE,IPU,41576
2305902,CE,IPUEIRAS,37896
2306009,CE,IRACEMA,14125
2306108,CE,IRAUÇUBA,23858
2306207,CE,ITAIÇABA,7738
2306306,CE,ITAPAJÉ,51945
2306405,CE,ITAPIPOCA,127465
2306504,CE,ITAPIÚNA,20014
2306553,CE,ITAREMA,41230
2306603,CE,ITATIRA,20675
2306702,CE,JAGUARETAMA,17958
2306801,CE,JAGUARIBARA,11295
2306900,CE,JAGUARIBE,34448
2307007,CE,JAGUARUANA,33740
2307106,CE,JARDIM,27076
2307205,CE,JATI,7847
2307254,CE,JIJOCA DE JERICOACOARA,19510
2307304,CE,JUAZEIRO DO NORTE,270383
2307403,CE,JUCÁS,24597
2307502,CE,LAVRAS DA MANGABEIRA,31335
2307601,CE,LIMOEIRO DO NORTE,58915
2307635,CE,MADALENA,19800
2307700,CE,MARANGUAPE,126486
2307809,CE,MARCO,26981
2307908,CE,MARTINÓPOLE,11082
2308005,CE,MASSAPÊ,38210
2308104,CE,MAURITI,46548
2308203,CE,MERUOCA,14948
2308302,CE,MILAGRES,28231
2308351,CE,MILHÃ,13136
2308377,CE,MIRAÍMA,13583
2308401,CE,MISSÃO VELHA,35409
2308500,CE,MOMBAÇA,43735
2308609,CE,MONSENHOR TABOSA,17038
2308708,CE,MORADA NOVA,61548
2308807,CE,MORAÚJO,8636
2308906,CE,MORRINHOS,22222
2309003,CE,MUCAMBO,14377
2309102,CE,MULUNGU,12831
2309201,CE,NOVA OLINDA,15433
2309300,CE,NOVA RUSSAS,32035
2309409,CE,NOVO ORIENTE,28353
2309458,CE,OCARA,25394
2309508,CE,ORÓS,21292
2309607,CE,PACAJUS,70911
2309805,CE,PACOTI,11960
2309904,CE,PACUJÁ,6202
2310001,CE,PALHANO,9285
2310100,CE,PALMÁCIA,13145
2310308,CE,PARAMBU,31137
2310407,CE,PARAMOTI,11578
2310506,CE,PEDRA BRANCA,42841
2310605,CE,PENAFORTE,8956
2310704,CE,PENTECOSTE,37077
2310803,CE,PEREIRO,16163
2310902,CE,PIQUET CARNEIRO,16731
2310951,CE,PIRES FERREIRA,10784
2311009,CE,PORANGA,12243
2311108,CE,PORTEIRAS,14921
2311207,CE,POTENGI,10918
2311231,CE,POTIRETAMA,6356
2311264,CE,QUITERIANÓPOLIS,20860
2311306,CE,QUIXADÁ,86605
2311355,CE,QUIXELÔ,14860
2311405,CE,QUIXERAMOBIM,78658
2311504,CE,QUIXERÉ,21876
2311603,CE,REDENÇÃO,27441
2311702,CE,RERIUTABA,18769
2311801,CE,RUSSAS,76475
2311900,CE,SABOEIRO,15678
2311959,CE,SALITRE,16331
2312205,CE,SANTA QUITÉRIA,43360
2312007,CE,SANTANA DO ACARAÚ,32023
2312106,CE,SANTANA DO CARIRI,17489
2312304,CE,SÃO BENEDITO,46648
2312403,CE,SÃO GONÇALO DO AMARANTE,48265
2312502,CE,SÃO JOÃO DO JAGUARIBE,7621
2312601,CE,SÃO LUÍS DO CURU,12849
2312700,CE,SENADOR POMPEU,26447
2312809,CE,SENADOR SÁ,7513
2312908,CE,SOBRAL,205529
2313005,CE,SOLONÓPOLE,18158
2313104,CE,TABULEIRO DO NORTE,30489
2313203,CE,TAMBORIL,25525
2313252,CE,TARRAFAS,8852
2313302,CE,TAUÁ,58119
2313351,CE,TEJUÇUOCA,18902
2313401,CE,TIANGUÁ,74719
2313500,CE,TRAIRI,55207
2313559,CE,TURURU,15935
2313609,CE,UBAJARA,34332
2313708,CE,UMARI,7671
2313757,CE,UMIRIM,19679
2313807,CE,URUBURETAMA,21609
2313906,CE,URUOCA,13677
2313955,CE,VARJOTA,18239
2314003,CE,VÁRZEA ALEGRE,40440
2314102,CE,VIÇOSA DO CEARÁ,60030
2100907,MA,ARAIOSES,46074
2112209,MA,TIMON,167619
3101003,MG,ÁGUAS VERMELHAS,13576
3101706,MG,ALMENARA,41794
3103405,MG,ARAÇUAÍ,37361
3105202,MG,BANDEIRA,4984
3106507,MG,BERILO,12360
3106655,MG,BERIZAL,4720
3108255,MG,BONITO DE MINAS,10951
3109402,MG,BURITIZEIRO,28335
3102704,MG,CACHOEIRA DE PAJEÚ,9479
3112703,MG,CAPITÃO ENÉAS,15237
3113008,MG,CARAÍ,23781
3115474,MG,CATUTI,5151
3116100,MG,CHAPADA DO NORTE,15675
3117009,MG,COMERCINHO,7599
3117836,MG,CÔNEGO MARINHO,7624
3119500,MG,CORONEL MURTA,9411
3120300,MG,CRISTÁLIA,6042
3120870,MG,CURRAL DE DENTRO,7623
3122355,MG,DIVISA ALEGRE,6625
3122454,MG,DIVISÓPOLIS,10547
3124302,MG,ESPINOSA,32214
3125606,MG,FELISBURGO,7431
3126505,MG,FRANCISCO BADARÓ,10557
3126703,MG,FRANCISCO SÁ,26428
3127073,MG,FRUTA DE LEITE,5709
3127339,MG,GAMELEIRAS,5246
3127800,MG,GRÃO MOGOL,15931
3129657,MG,IBIRACATU,6165
3130655,MG,INDAIABIRA,7524
3132107,MG,ITACARAMBI,18443
3133303,MG,ITAOBIM,21559
3134004,MG,ITINGA,15147
3134707,MG,JACINTO,12561
3135050,MG,JAÍBA,37939
3135100,MG,JANAÚBA,71653
3135209,MG,JANUÁRIA,68584
3135357,MG,JAPONVAR,8683
3135456,MG,JENIPAPO DE MINAS,7672
3135803,MG,JEQUITINHONHA,25560
3136009,MG,JOAÍMA,15634
3136504,MG,JORDÂNIA,10901
3136520,MG,JOSÉ GONÇALVES DE MINAS,4631
3136579,MG,JOSENÓPOLIS,4877
3136959,MG,JUVENÍLIA,5860
3138658,MG,LONTRA,9044
3139250,MG,MAMONAS,6624
3139300,MG,MANGA,19372
3140555,MG,MATA VERDE,8539
3140852,MG,MATIAS CARDOSO,10999
3141009,MG,MATO VERDE,12849
3141405,MG,MEDINA,21409
3142254,MG,MIRAVÂNIA,4885
3142700,MG,MONTALVÂNIA,15603
3142908,MG,MONTE AZUL,21783
3143153,MG,MONTE FORMOSO,4936
3143450,MG,MONTEZUMA,8168
3144656,MG,NINHEIRA,10375
3145059,MG,NOVA PORTEIRINHA,7648
3145307,MG,NOVO CRUZEIRO,31884
3145372,MG,NOVORIZONTE,5308
3146255,MG,PADRE CARVALHO,6338
3146305,MG,PADRE PARAÍSO,20177
3146552,MG,PAI PEDRO,6184
3147956,MG,PATIS,5976
3148707,MG,PEDRA AZUL,24748
3149150,MG,PEDRAS DE MARIA DA CRUZ,11396
3151206,MG,PIRAPORA,56706
3152170,MG,PONTO DOS VOLANTES,12138
3152204,MG,PORTEIRINHA,38741
3154507,MG,RIACHO DOS MACHADOS,9672
3155603,MG,RIO PARDO DE MINAS,31016
3156502,MG,RUBELITA,6789
3156601,MG,RUBIM,10377
3157005,MG,SALINAS,41678
3157104,MG,SALTO DA DIVISA,7127
3157377,MG,SANTA CRUZ DE SALINAS,4337
3157609,MG,SANTA FÉ DE MINAS,3985
3158102,MG,SANTA MARIA DO SALTO,5381
3160454,MG,SANTO ANTÔNIO DO RETIRO,7339
3161106,MG,SÃO FRANCISCO,56805
3162401,MG,SÃO JOÃO DA PONTE,25856
3162450,MG,SÃO JOÃO DAS MISSÕES,12862
3162708,MG,SÃO JOÃO DO PARAÍSO,23729
3164209,MG,SÃO ROMÃO,11892
3166956,MG,SERRANÓPOLIS DE MINAS,4769
3168002,MG,TAIOBEIRAS,33824
3170651,MG,VARGEM GRANDE DO RIO PARDO,5032
3170800,MG,VÁRZEA DA PALMA,39128
3170909,MG,VARZELÂNDIA,19723
3171030,MG,VERDELÂNDIA,9220
3171600,MG,VIRGEM DA LAPA,14043
2500106,PB,ÁGUA BRANCA,10258
2500205,PB,AGUIAR,5562
2500304,PB,ALAGOA GRANDE,28565
2500403,PB,ALAGOA NOVA,20689
2500502,PB,ALAGOINHA,14464
2500536,PB,ALCANTIL,5499
2500577,PB,ALGODÃO DE JANDAÍRA,2501
2500734,PB,AMPARO,2246
2500775,PB,APARECIDA,8430
2500809,PB,ARAÇAGI,17003
2500908,PB,ARARA,13538
2501005,PB,ARARUNA,20418
2501104,PB,AREIA,22776
2501153,PB,AREIA DE BARAÚNAS,2126
2501203,PB,AREIAL,6975
2501302,PB,AROEIRAS,19154
2501351,PB,ASSUNÇÃO,3921
2501500,PB,BANANEIRAS,21156
2501534,PB,BARAÚNA,4925
2501609,PB,BARRA DE SANTA ROSA,15421
2501575,PB,BARRA DE SANTANA,8241
2501708,PB,BARRA DE SÃO MIGUEL,5979
2501906,PB,BELÉM,17685
2502003,PB,BELÉM DO BREJO DO CRUZ,7347
2502052,PB,BERNARDINO BATISTA,3438
2502102,PB,BOA VENTURA,5349
2502151,PB,BOA VISTA,7083
2502201,PB,BOM JESUS,2567
2502300,PB,BOM SUCESSO,4972
2502409,PB,BONITO DE SANTA FÉ,11938
2502508,PB,BOQUEIRÃO,17842
2502706,PB,BORBOREMA,5430
2502805,PB,BREJO DO CRUZ,14107
2502904,PB,BREJO DOS SANTOS,6457
2503100,PB,CABACEIRAS,5570
2503308,PB,CACHOEIRA DOS ÍNDIOS,10265
2503407,PB,CACIMBA DE AREIA,3749
2503506,PB,CACIMBA DE DENTRO,17156
2503555,PB,CACIMBAS,7183
2503605,PB,CAIÇARA,7283
2503704,PB,CAJAZEIRAS,62187
2503753,PB,CAJAZEIRINHAS,3197
2503803,PB,CALDAS BRANDÃO,6025
2503902,PB,CAMALAÚ,6020
2504009,PB,CAMPINA GRANDE,410332
2504074,PB,CARAÚBAS,4171
2504108,PB,CARRAPATEIRA,2667
2504157,PB,CASSERENGUE,7476
2504207,PB,CATINGUEIRA,4934
2504306,PB,CATOLÉ DO ROCHA,30534
2504355,PB,CATURITÉ,4839
2504405,PB,CONCEIÇÃO,18944
2504504,PB,CONDADO,6753
2504702,PB,CONGO,4789
2504801,PB,COREMAS,15426
2504850,PB,COXIXOLA,1925
2505006,PB,CUBATI,7274
2505105,PB,CUITÉ,20348
2505204,PB,CUITEGI,6790
2505303,PB,CURRAL VELHO,2517
2505352,PB,DAMIÃO,5343
2505402,PB,DESTERRO,8306
2505600,PB,DIAMANTE,6550
2505709,PB,DONA INÊS,10383
2505808,PB,DUAS ESTRADAS,3594
2505907,PB,EMAS,3528
2506004,PB,ESPERANÇA,33266
2506103,PB,FAGUNDES,11313
2506202,PB,FREI MARTINHO,2990
2506251,PB,GADO BRAVO,8435
2506301,PB,GUARABIRA,58881
2506400,PB,GURINHÉM,14134
2506509,PB,GURJÃO,3436
2506608,PB,IBIARA,5925
2502607,PB,IGARACY,6173
2506707,PB,IMACULADA,11833
2506806,PB,INGÁ,18163
2506905,PB,ITABAIANA,24475
2507002,PB,ITAPORANGA,24842
2507200,PB,ITATUBA,10876
2507408,PB,JERICÓ,7742
2513653,PB,JOCA CLAUDINO,2690
2507606,PB,JUAREZ TÁVORA,7950
2507705,PB,JUAZEIRINHO,18213
2507804,PB,JUNCO DO SERIDÓ,7165
2508000,PB,JURU,9868
2508109,PB,LAGOA,4666
2508208,PB,LAGOA DE DENTRO,7670
2508307,PB,LAGOA SECA,27543
2508406,PB,LASTRO,2725
2508505,PB,LIVRAMENTO,7386
2508554,PB,LOGRADOURO,4343
2508703,PB,MÃE D'ÁGUA,4009
2508802,PB,MALTA,5665
2509008,PB,MANAÍRA,11120
2509156,PB,MARIZÓPOLIS,6614
2509206,PB,MASSARANDUBA,13853
2509339,PB,MATINHAS,4537
2509370,PB,MATO GROSSO,2915
2509396,PB,MATURÉIA,6587
2509404,PB,MOGEIRO,13286
2509503,PB,MONTADAS,5691
2509602,PB,MONTE HOREBE,4825
2509701,PB,MONTEIRO,33294
2509800,PB,MULUNGU,9922
2509909,PB,NATUBA,10460
2510006,PB,NAZAREZINHO,7296
2510105,PB,NOVA FLORESTA,10639
2510204,PB,NOVA OLINDA,5944
2510303,PB,NOVA PALMEIRA,4910
2510402,PB,OLHO D'ÁGUA,6512
2510501,PB,OLIVEDOS,3951
2510600,PB,OURO VELHO,3042
2510659,PB,PARARI,1769
2510709,PB,PASSAGEM,2424
2510808,PB,PATOS,107790
2510907,PB,PAULISTA,12308
2511004,PB,PEDRA BRANCA,3803
2511103,PB,PEDRA LAVRADA,8122
2511301,PB,PIANCÓ,16091
2511400,PB,PICUÍ,18737
2511608,PB,PILÕES,6607
2511707,PB,PILÕEZINHOS,5080
2511806,PB,PIRPIRITUBA,10585
2512002,PB,POCINHOS,18622
2512036,PB,POÇO DANTAS,3770
2512077,PB,POÇO DE JOSÉ DE MOURA,4318
2512101,PB,POMBAL,32766
2512200,PB,PRATA,4179
2512309,PB,PRINCESA ISABEL,23489
2512408,PB,PUXINANÃ,13715
2512507,PB,QUEIMADAS,44214
2512606,PB,QUIXABA,1964
2512705,PB,REMÍGIO,19579
2512747,PB,RIACHÃO,3607
2512754,PB,RIACHÃO DO BACAMARTE,4529
2512788,PB,RIACHO DE SANTO ANTÔNIO,1985
2512804,PB,RIACHO DOS CAVALOS,8609
2513000,PB,SALGADINHO,3980
2513109,PB,SALGADO DE SÃO FÉLIX,12145
2513158,PB,SANTA CECÍLIA,6557
2513208,PB,SANTA CRUZ,6585
2513307,PB,SANTA HELENA,5887
2513356,PB,SANTA INÊS,3596
2513406,PB,SANTA LUZIA,15401
2513802,PB,SANTA TERESINHA,4573
2513505,PB,SANTANA DE MANGUEIRA,5159
2513604,PB,SANTANA DOS GARROTES,7024
2513851,PB,SANTO ANDRÉ,2519
2513927,PB,SÃO BENTINHO,4540
2513901,PB,SÃO BENTO,34215
2513968,PB,SÃO DOMINGOS,3120
2513943,PB,SÃO DOMINGOS DO CARIRI,2601
2513984,PB,SÃO FRANCISCO,3363
2514008,PB,SÃO JOÃO DO CARIRI,4296
2500700,PB,SÃO JOÃO DO RIO DO PEIXE,17940
2514107,PB,SÃO JOÃO DO TIGRE,4423
2514206,PB,SÃO JOSÉ DA LAGOA TAPADA,7679
2514305,PB,SÃO JOSÉ DE CAIANA,6279
2514404,PB,SÃO JOSÉ DE ESPINHARAS,4635
2514503,PB,SÃO JOSÉ DE PIRANHAS,20163
2514552,PB,SÃO JOSÉ DE PRINCESA,3842
2514602,PB,SÃO JOSÉ DO BONFIM,3566
2514651,PB,SÃO JOSÉ DO BREJO DO CRUZ,1806
2514701,PB,SÃO JOSÉ DO SABUGI,4145
2514800,PB,SÃO JOSÉ DOS CORDEIROS,3711
2514453,PB,SÃO JOSÉ DOS RAMOS,5969
2514909,PB,SÃO MAMEDE,7721
2515104,PB,SÃO SEBASTIÃO DE LAGOA DE ROÇA,11845
2515203,PB,SÃO SEBASTIÃO DO UMBUZEIRO,3496
2515401,PB,SÃO VICENTE DO SERIDÓ,11084
2515500,PB,SERRA BRANCA,13707
2515609,PB,SERRA DA RAIZ,3121
2515708,PB,SERRA GRANDE,3100
2515807,PB,SERRA REDONDA,7020
2515906,PB,SERRARIA,6093
2515930,PB,SERTÃOZINHO,5044
2516003,PB,SOLÂNEA,26376
2516102,PB,SOLEDADE,14987
2516151,PB,SOSSÊGO,3567
2516201,PB,SOUSA,69554
2516300,PB,SUMÉ,16957
2516409,PB,TACIMA,10967
2516508,PB,TAPEROÁ,15276
2516607,PB,TAVARES,14661
2516706,PB,TEIXEIRA,15191
2516755,PB,TENÓRIO,3066
2516805,PB,TRIUNFO,9482
2516904,PB,UIRAÚNA,15382
2517001,PB,UMBUZEIRO,9913
2517100,PB,VÁRZEA,2820
2517209,PB,VIEIRÓPOLIS,5358
2505501,PB,VISTA SERRANA,3808
2517407,PB,ZABELÊ,2245
2600104,PE,AFOGADOS DA INGAZEIRA,37017
2600203,PE,AFRÂNIO,19411
2600302,PE,AGRESTINA,24644
2600500,PE,ÁGUAS BELAS,43087
2600609,PE,ALAGOINHA,14517
2600807,PE,ALTINHO,22896
2601003,PE,ANGELIM,11045
2601102,PE,ARARIPINA,83757
2601201,PE,ARCOVERDE,73667
2601607,PE,BELÉM DO SÃO FRANCISCO,20670
2601706,PE,BELO JARDIM,75986
2601805,PE,BETÂNIA,12637
2601904,PE,BEZERROS,60549
2602001,PE,BODOCÓ,37816
2602100,PE,BOM CONSELHO,48214
2602209,PE,BOM JARDIM,39025
2602407,PE,BREJÃO,8973
2602506,PE,BREJINHO,7465
2602605,PE,BREJO DA MADRE DE DEUS,50138
2602803,PE,BUÍQUE,57696
2603009,PE,CABROBÓ,33856
2603108,PE,CACHOEIRINHA,20209
2603207,PE,CAETÉS,28500
2603306,PE,CALÇADO,11055
2603405,PE,CALUMBI,5736
2603504,PE,CAMOCIM DE SÃO FÉLIX,18583
2603702,PE,CANHOTINHO,24762
2603801,PE,CAPOEIRAS,19991
2603900,PE,CARNAÍBA,19440
2603926,PE,CARNAUBEIRA DA PENHA,12805
2604106,PE,CARUARU,356128
2604155,PE,CASINHAS,14274
2604304,PE,CEDRO,11695
2604502,PE,CHÃ GRANDE,21525
2604700,PE,CORRENTES,18098
2604908,PE,CUMARU,11559
2605004,PE,CUPIRA,23977
2605103,PE,CUSTÓDIA,36753
2605152,PE,DORMENTES,18692
2605301,PE,EXU,31790
2605608,PE,FLORES,22567
2605707,PE,FLORESTA,32483
2605806,PE,FREI MIGUELINHO,15328
2606002,PE,GARANHUNS,138642
2606309,PE,GRANITO,7417
2606408,PE,GRAVATÁ,83241
2606507,PE,IATI,19100
2606606,PE,IBIMIRIM,28985
2606705,PE,IBIRAJUBA,7735
2606903,PE,IGUARACY,12175
2607000,PE,INAJÁ,22801
2607109,PE,INGAZEIRA,4542
2607307,PE,IPUBI,30447
2607406,PE,ITACURUBA,4858
2607505,PE,ITAÍBA,26314
2607703,PE,ITAPETIM,13638
2608008,PE,JATAÚBA,17026
2608057,PE,JATOBÁ,14703
2608107,PE,JOÃO ALFREDO,33485
2608255,PE,JUCATI,11334
2608305,PE,JUPI,14712
2608404,PE,JUREMA,15284
2608602,PE,LAGOA DO OURO,13033
2608701,PE,LAGOA DOS GATOS,16218
2608750,PE,LAGOA GRANDE,25294
2608800,PE,LAJEDO,39888
2609154,PE,MANARI,21047
2609303,PE,MIRANDIBA,15270
2614303,PE,MOREILÂNDIA,11238
2609709,PE,OROBÓ,23768
2609808,PE,OROCÓ,14794
2609907,PE,OURICURI,68776
2610103,PE,PALMEIRINA,7761
2610202,PE,PANELAS,26417
2610301,PE,PARANATAMA,11449
2610400,PE,PARNAMIRIM,21383
2610509,PE,PASSIRA,28889
2610806,PE,PEDRA,22505
2610905,PE,PESQUEIRA,66881
2611002,PE,PETROLÂNDIA,36108
2611101,PE,PETROLINA,343219
2611200,PE,POÇÃO,11268
2611309,PE,POMBOS,26960
2611533,PE,QUIXABA,6802
2611705,PE,RIACHO DAS ALMAS,20392
2612000,PE,SAIRÉ,10065
2612109,PE,SALGADINHO,10747
2612208,PE,SALGUEIRO,60453
2612307,PE,SALOÁ,15779
2612406,PE,SANHARÓ,25979
2612455,PE,SANTA CRUZ,15202
2612471,PE,SANTA CRUZ DA BAIXA VERDE,12501
2612505,PE,SANTA CRUZ DO CAPIBARIBE,105761
2612554,PE,SANTA FILOMENA,14355
2612604,PE,SANTA MARIA DA BOA VISTA,41652
2612703,PE,SANTA MARIA DO CAMBUCÁ,14013
2612802,PE,SANTA TEREZINHA,11734
2613008,PE,SÃO BENTO DO UNA,58824
2613107,PE,SÃO CAITANO,37023
2613206,PE,SÃO JOÃO,22628
2613305,PE,SÃO JOAQUIM DO MONTE,21257
2613503,PE,SÃO JOSÉ DO BELMONTE,33804
2613602,PE,SÃO JOSÉ DO EGITO,33704
2613909,PE,SERRA TALHADA,85568
2614006,PE,SERRITA,19080
2614105,PE,SERTÂNIA,35670
2614402,PE,SOLIDÃO,5978
2614501,PE,SURUBIM,64373
2614600,PE,TABIRA,28301
2614709,PE,TACAIMBÓ,12853
2614808,PE,TACARATU,25368
2615003,PE,TAQUARITINGA DO NORTE,28358
2615102,PE,TEREZINHA,7120
2615201,PE,TERRA NOVA,10437
2615409,PE,TORITAMA,44189
2615607,PE,TRINDADE,30155
2615706,PE,TRIUNFO,15221
2615805,PE,TUPANATINGA,26990
2615904,PE,TUPARETAMA,8169
2616001,PE,VENTUROSA,18258
2616100,PE,VERDEJANTE,9490
2616183,PE,VERTENTE DO LÉRIO,7641
2616209,PE,VERTENTES,20460
2200053,PI,ACAUÃ,6966
2200251,PI,ALAGOINHA DO PIAUÍ,7526
2200277,PI,ALEGRETE DO PIAUÍ,4838
2200301,PI,ALTO LONGÁ,14070
2200400,PI,ALTOS,39864
2200459,PI,ALVORADA DO GURGUÉIA,5326
2200509,PI,AMARANTE,17322
2200608,PI,ANGICAL DO PIAUÍ,6684
2200707,PI,ANÍSIO DE ABREU,9705
2200905,PI,AROAZES,5748
2200954,PI,AROEIRAS DO ITAIM,2511
2201002,PI,ARRAIAL,4656
2201051,PI,ASSUNÇÃO DO PIAUÍ,7717
2201101,PI,AVELINO LOPES,11503
2201176,PI,BARRA D'ALCÂNTARA,3889
2201200,PI,BARRAS,46291
2201507,PI,BATALHA,26421
2201556,PI,BELA VISTA DO PIAUÍ,3947
2201572,PI,BELÉM DO PIAUÍ,3503
2201606,PI,BENEDITINOS,10037
2201705,PI,BERTOLÍNIA,5413
2201739,PI,BETÂNIA DO PIAUÍ,6106
2201770,PI,BOA HORA,6663
2201804,PI,BOCAINA,4428
2201903,PI,BOM JESUS,24711
2201919,PI,BOM PRINCÍPIO DO PIAUÍ,5535
2201929,PI,BONFIM DO PIAUÍ,5577
2201945,PI,BOQUEIRÃO DO PIAUÍ,6300
2201960,PI,BRASILEIRA,8192
2201988,PI,BREJO DO PIAUÍ,3823
2202000,PI,BURITI DOS LOPES,19464
2202026,PI,BURITI DOS MONTES,8108
2202059,PI,CABECEIRAS DO PIAUÍ,10406
2202075,PI,CAJAZEIRAS DO PIAUÍ,3497
2202091,PI,CALDEIRÃO GRANDE DO PIAUÍ,5684
2202109,PI,CAMPINAS DO PIAUÍ,5522
2202117,PI,CAMPO ALEGRE DO FIDALGO,4957
2202133,PI,CAMPO GRANDE DO PIAUÍ,5842
2202208,PI,CAMPO MAIOR,46082
2202251,PI,CANAVIEIRA,3892
2202307,PI,CANTO DO BURITI,20831
2202406,PI,CAPITÃO DE CAMPOS,11229
2202455,PI,CAPITÃO GERVÁSIO OLIVEIRA,4033
2202505,PI,CARACOL,10729
2202539,PI,CARAÚBAS DO PIAUÍ,5769
2202554,PI,CARIDADE DO PIAUÍ,4982
2202604,PI,CASTELO DO PIAUÍ,19410
2202653,PI,CAXINGÓ,5330
2202703,PI,COCAL,27338
2202711,PI,COCAL DE TELHA,4812
2202729,PI,COCAL DOS ALVES,6054
2202737,PI,COIVARAS,3953
2202752,PI,COLÔNIA DO GURGUÉIA,6372
2202778,PI,COLÔNIA DO PIAUÍ,7536
2202802,PI,CONCEIÇÃO DO CANINDÉ,4726
2202851,PI,CORONEL JOSÉ DIAS,4608
2202901,PI,CORRENTE,26205
2203008,PI,CRISTALÂNDIA DO PIAUÍ,8154
2203107,PI,CRISTINO CASTRO,10253
2203206,PI,CURIMATÁ,11190
2203230,PI,CURRAIS,4871
2203271,PI,CURRAL NOVO DO PIAUÍ,5251
2203305,PI,DEMERVAL LOBÃO,13595
2203354,PI,DIRCEU ARCOVERDE,6896
2203404,PI,DOM EXPEDITO LOPES,6790
2203453,PI,DOM INOCÊNCIO,9404
2203420,PI,DOMINGOS MOURÃO,4287
2203503,PI,ELESBÃO VELOSO,14383
2203602,PI,ELISEU MARTINS,4834
2203750,PI,FARTURA DO PIAUÍ,5220
2203800,PI,FLORES DO PIAUÍ,4393
2203859,PI,FLORESTA DO PIAUÍ,2518
2203909,PI,FLORIANO,58969
2204006,PI,FRANCINÓPOLIS,5264
2204105,PI,FRANCISCO AYRES,4288
2204154,PI,FRANCISCO MACEDO,3128
2204204,PI,FRANCISCO SANTOS,9154
2204303,PI,FRONTEIRAS,11432
2204352,PI,GEMINIANO,5352
2204550,PI,GUARIBAS,4489
2204659,PI,ILHA GRANDE,9268
2204709,PI,INHUMA,15065
2204808,PI,IPIRANGA DO PIAUÍ,9649
2204907,PI,ISAÍAS COELHO,8428
2205003,PI,ITAINÓPOLIS,11343
2205102,PI,ITAUEIRA,10845
2205151,PI,JACOBINA DO PIAUÍ,5656
2205201,PI,JAICÓS,18782
2205250,PI,JARDIM DO MULATO,4430
2205276,PI,JATOBÁ DO PIAUÍ,4786
2205359,PI,JOÃO COSTA,2961
2205508,PI,JOSÉ DE FREITAS,38550
2205516,PI,JUAZEIRO DO PIAUÍ,5391
2205524,PI,JÚLIO BORGES,5534
2205532,PI,JUREMA,4683
2205573,PI,LAGOA DE SÃO FRANCISCO,6646
2205565,PI,LAGOA DO BARRO DO PIAUÍ,4582
2205581,PI,LAGOA DO PIAUÍ,3996
2205599,PI,LAGOA DO SÍTIO,5087
2205706,PI,LUÍS CORREIA,29792
2205904,PI,MANOEL EMÍDIO,5266
2205953,PI,MARCOLÂNDIA,8342
2206050,PI,MASSAPÊ DO PIAUÍ,6338
2206357,PI,MILTON BRANDÃO,6511
2206407,PI,MONSENHOR GIL,10409
2206506,PI,MONSENHOR HIPÓLITO,7621
2206654,PI,MORRO CABEÇA NO TEMPO,4066
2206704,PI,NAZARÉ DO PIAUÍ,7231
2206753,PI,NOSSA SENHORA DE NAZARÉ,4786
2207959,PI,NOVA SANTA RITA,4302
2206902,PI,NOVO ORIENTE DO PIAUÍ,6466
2206951,PI,NOVO SANTO ANTÔNIO,2940
2207009,PI,OEIRAS,36432
2207207,PI,PADRE MARCOS,6758
2207306,PI,PAES LANDIM,4065
2207355,PI,PAJEÚ DO PIAUÍ,3333
2207405,PI,PALMEIRA DO PIAUÍ,4967
2207553,PI,PAQUETÁ,3886
2207603,PI,PARNAGUÁ,10613
2207702,PI,PARNAÍBA,150547
2207751,PI,PASSAGEM FRANCA DO PIAUÍ,4500
2207777,PI,PATOS DO PIAUÍ,6288
2207793,PI,PAU D'ARCO DO PIAUÍ,3975
2207801,PI,PAULISTANA,20192
2207850,PI,PAVUSSU,3623
2207900,PI,PEDRO II,38127
2207934,PI,PEDRO LAURENTINO,2495
2208007,PI,PICOS,76928
2208106,PI,PIMENTEIRAS,11935
2208205,PI,PIO IX,18125
2208304,PI,PIRACURUCA,28312
2208403,PI,PIRIPIRI,62733
2208601,PI,PRATA DO PIAUÍ,3103
2208650,PI,QUEIMADA NOVA,8842
2208700,PI,REDENÇÃO DO GURGUÉIA,8634
2208809,PI,REGENERAÇÃO,17698
2208858,PI,RIACHO FRIO,4246
2208874,PI,RIBEIRA DO PIAUÍ,4403
2209005,PI,RIO GRANDE DO PIAUÍ,6331
2209104,PI,SANTA CRUZ DO PIAUÍ,6140
2209153,PI,SANTA CRUZ DOS MILAGRES,3952
2209302,PI,SANTA LUZ,5761
2209377,PI,SANTA ROSA DO PIAUÍ,5175
2209351,PI,SANTANA DO PIAUÍ,4559
2209401,PI,SANTO ANTÔNIO DE LISBOA,6305
2209450,PI,SANTO ANTÔNIO DOS MILAGRES,2125
2209500,PI,SANTO INÁCIO DO PIAUÍ,3731
2209559,PI,SÃO BRAZ DO PIAUÍ,4377
2209609,PI,SÃO FÉLIX DO PIAUÍ,2901
2209658,PI,SÃO FRANCISCO DE ASSIS DO PIAUÍ,5657
2209708,PI,SÃO FRANCISCO DO PIAUÍ,6324
2209757,PI,SÃO GONÇALO DO GURGUÉIA,2988
2209807,PI,SÃO GONÇALO DO PIAUÍ,4931
2209856,PI,SÃO JOÃO DA CANABRAVA,4534
2209872,PI,SÃO JOÃO DA FRONTEIRA,5938
2209906,PI,SÃO JOÃO DA SERRA,6050
2209955,PI,SÃO JOÃO DA VARJOTA,4762
2210003,PI,SÃO JOÃO DO PIAUÍ,20258
2210052,PI,SÃO JOSÉ DO DIVINO,5260
2210102,PI,SÃO JOSÉ DO PEIXE,3689
2210201,PI,SÃO JOSÉ DO PIAUÍ,6602
2210300,PI,SÃO JULIÃO,6261
2210359,PI,SÃO LOURENÇO DO PIAUÍ,4501
2210375,PI,SÃO LUIS DO PIAUÍ,2602
2210383,PI,SÃO MIGUEL DA BAIXA GRANDE,2413
2210391,PI,SÃO MIGUEL DO FIDALGO,2991
2210409,PI,SÃO MIGUEL DO TAPUIO,17395
2210508,PI,SÃO PEDRO DO PIAUÍ,14056
2210607,PI,SÃO RAIMUNDO NONATO,34109
2210623,PI,SEBASTIÃO BARROS,3421
2210631,PI,SEBASTIÃO LEAL,4224
2210656,PI,SIGEFREDO PACHECO,9880
2210706,PI,SIMÕES,14398
2210805,PI,SIMPLÍCIO MENDES,12488
2210904,PI,SOCORRO DO PIAUÍ,4500
2210938,PI,SUSSUAPARA,6612
2210953,PI,TAMBORIL DO PIAUÍ,2870
2210979,PI,TANQUE DO PIAUÍ,2719
2211001,PI,TERESINA,850198
2211308,PI,VALENÇA DO PIAUÍ,20588
2211357,PI,VÁRZEA BRANCA,4873
2211407,PI,VÁRZEA GRANDE,4325
2211506,PI,VERA MENDES,3029
2211605,PI,VILA NOVA DO PIAUÍ,2931
2211704,PI,WALL FERRAZ,4390
2400109,RN,ACARI,11333
2400208,RN,AÇU,58183
2400307,RN,AFONSO BEZERRA,11211
2400406,RN,ÁGUA NOVA,3260
2400505,RN,ALEXANDRIA,13827
2400604,RN,ALMINO AFONSO,4854
2400703,RN,ALTO DO RODRIGUES,14365
2400802,RN,ANGICOS,11909
2400901,RN,ANTÔNIO MARTINS,7237
2401008,RN,APODI,36323
2401107,RN,AREIA BRANCA,27401
2401305,RN,AUGUSTO SEVERO,9768
2401453,RN,BARAÚNA,28085
2401503,RN,BARCELONA,4064
2401602,RN,BENTO FERNANDES,5527
2401651,RN,BODÓ,2307
2401701,RN,BOM JESUS,10254
2401800,RN,BREJINHO,12720
2401859,RN,CAIÇARA DO NORTE,6624
2401909,RN,CAIÇARA DO RIO DO VENTO,3680
2402006,RN,CAICÓ,68222
2402105,RN,CAMPO REDONDO,11244
2402303,RN,CARAÚBAS,20707
2402402,RN,CARNAÚBA DOS DANTAS,8188
2402501,RN,CARNAUBAIS,10715
2402709,RN,CERRO CORÁ,11344
2402808,RN,CORONEL EZEQUIEL,5593
2402907,RN,CORONEL JOÃO PESSOA,4980
2403004,RN,CRUZETA,8147
2403103,RN,CURRAIS NOVOS,45228
2403202,RN,DOUTOR SEVERIANO,7190
2403301,RN,ENCANTO,5666
2403400,RN,EQUADOR,6119
2403707,RN,FELIPE GUERRA,6052
2403756,RN,FERNANDO PEDROZA,3072
2403806,RN,FLORÂNIA,9262
2403905,RN,FRANCISCO DANTAS,2890
2404002,RN,FRUTUOSO GOMES,4180
2404101,RN,GALINHOS,2715
2404309,RN,GOVERNADOR DIX-SEPT ROSADO,13157
2404408,RN,GROSSOS,10386
2404507,RN,GUAMARÉ,15309
2404606,RN,IELMO MARINHO,13714
2404705,RN,IPANGUAÇU,15464
2404804,RN,IPUEIRA,2251
2404853,RN,ITAJÁ,7571
2404903,RN,ITAÚ,5930
2405009,RN,JAÇANÃ,9068
2405108,RN,JANDAÍRA,6942
2405207,RN,JANDUÍS,5386
2405306,RN,JANUÁRIO CICCO,10096
2405405,RN,JAPI,5247
2405504,RN,JARDIM DE ANGICOS,2663
2405603,RN,JARDIM DE PIRANHAS,14858
2405702,RN,JARDIM DO SERIDÓ,12579
2405801,RN,JOÃO CÂMARA,35087
2405900,RN,JOÃO DIAS,2695
2406007,RN,JOSÉ DA PENHA,6050
2406106,RN,JUCURUTU,18530
2406205,RN,LAGOA D'ANTA,6793
2406304,RN,LAGOA DE PEDRAS,7579
2406403,RN,LAGOA DE VELHOS,2771
2406502,RN,LAGOA NOVA,15590
2406601,RN,LAGOA SALGADA,8269
2406700,RN,LAJES,11316
2406809,RN,LAJES PINTADAS,4822
2406908,RN,LUCRÉCIA,4002
2407005,RN,LUÍS GOMES,10211
2407104,RN,MACAÍBA,80031
2407203,RN,MACAU,31859
2407252,RN,MAJOR SALES,4002
2407302,RN,MARCELINO VIEIRA,8492
2407401,RN,MARTINS,8793
2407609,RN,MESSIAS TARGINO,4608
2407807,RN,MONTE ALEGRE,22462
2407906,RN,MONTE DAS GAMELEIRAS,2178
2408003,RN,MOSSORÓ,295619
2408300,RN,NOVA CRUZ,37695
2408409,RN,OLHO D'ÁGUA DO BORGES,4349
2408508,RN,OURO BRANCO,4882
2408607,RN,PARANÁ,4276
2408706,RN,PARAÚ,3859
2408805,RN,PARAZINHO,5258
2408904,RN,PARELHAS,21669
2409100,RN,PASSA E FICA,13099
2409209,RN,PASSAGEM,3109
2409308,RN,PATU,12844
2409407,RN,PAU DOS FERROS,30452
2409506,RN,PEDRA GRANDE,3356
2409605,RN,PEDRA PRETA,2532
2409704,RN,PEDRO AVELINO,6938
2409902,RN,PENDÊNCIAS,15083
2410009,RN,PILÕES,3836
2410108,RN,POÇO BRANCO,15418
2410207,RN,PORTALEGRE,7909
2410256,RN,PORTO DO MANGUE,6789
2410405,RN,PUREZA,9568
2410504,RN,RAFAEL FERNANDES,5115
2410603,RN,RAFAEL GODEIRO,3234
2410702,RN,RIACHO DA CRUZ,3566
2410801,RN,RIACHO DE SANTANA,4277
2410900,RN,RIACHUELO,8075
2411007,RN,RODOLFO FERNANDES,4545
2411106,RN,RUY BARBOSA,3669
2411205,RN,SANTA CRUZ,39667
2409332,RN,SANTA MARIA,5500
2411403,RN,SANTANA DO MATOS,13289
2411429,RN,SANTANA DO SERIDÓ,2701
2411502,RN,SANTO ANTÔNIO,24220
2411601,RN,SÃO BENTO DO NORTE,2846
2411700,RN,SÃO BENTO DO TRAIRÍ,4425
2411809,RN,SÃO FERNANDO,3617
2411908,RN,SÃO FRANCISCO DO OESTE,4238
2412104,RN,SÃO JOÃO DO SABUGI,6260
2412302,RN,SÃO JOSÉ DO CAMPESTRE,13007
2412401,RN,SÃO JOSÉ DO SERIDÓ,4643
2412500,RN,SÃO MIGUEL,23610
2412559,RN,SÃO MIGUEL DO GOSTOSO,9606
2412609,RN,SÃO PAULO DO POTENGI,17572
2412708,RN,SÃO PEDRO,6139
2412807,RN,SÃO RAFAEL,8343
2412906,RN,SÃO TOMÉ,11223
2413003,RN,SÃO VICENTE,6469
2413102,RN,SENADOR ELÓI DE SOUZA,6188
2410306,RN,SERRA CAIADA,10099
2413300,RN,SERRA DE SÃO BENTO,5870
2413359,RN,SERRA DO MEL,11838
2413409,RN,SERRA NEGRA DO NORTE,8175
2413508,RN,SERRINHA,6422
2413557,RN,SERRINHA DOS PINTOS,4841
2413607,RN,SEVERIANO MELO,3150
2413706,RN,SÍTIO NOVO,5528
2413805,RN,TABOLEIRO GRANDE,2566
2413904,RN,TAIPU,12428
2414001,RN,TANGARÁ,15866
2414100,RN,TENENTE ANANIAS,10814
2414159,RN,TENENTE LAURENTINO CRUZ,5912
2411056,RN,TIBAU,4100
2414308,RN,TIMBAÚBA DOS BATISTAS,2437
2414407,RN,TOUROS,34043
2414456,RN,TRIUNFO POTIGUAR,3327
2414506,RN,UMARIZAL,10781
2414605,RN,UPANEMA,14609
2414704,RN,VÁRZEA,5554
2414753,RN,VENHA-VER,4187
2414803,RN,VERA CRUZ,12371
2414902,RN,VIÇOSA,1731
2800100,SE,AMPARO DE SÃO FRANCISCO,2390
2800209,SE,AQUIDABÃ,21589
2801108,SE,CANHOBA,4058
2801207,SE,CANINDÉ DE SÃO FRANCISCO,29372
2801405,SE,CARIRA,21842
2801603,SE,CEDRO DE SÃO JOÃO,5933
2801900,SE,CUMBE,4012
2802205,SE,FEIRA NOVA,5616
2802304,SE,FREI PAULO,15349
2802403,SE,GARARU,11736
2802601,SE,GRACHO CARDOSO,5870
2803104,SE,ITABI,4988
2803708,SE,MACAMBIRA,6920
2804201,SE,MONTE ALEGRE DE SERGIPE,15177
2804458,SE,NOSSA SENHORA APARECIDA,8869
2804508,SE,NOSSA SENHORA DA GLÓRIA,36613
2804607,SE,NOSSA SENHORA DAS DORES,26624
2804706,SE,NOSSA SENHORA DE LOURDES,6530
2805000,SE,PEDRA MOLE,3254
2805208,SE,PINHÃO,6556
2805406,SE,POÇO REDONDO,34529
2805505,SE,POÇO VERDE,23740
2805604,SE,PORTO DA FOLHA,28735
2805703,SE,PROPRIÁ,29834
2806008,SE,RIBEIRÓPOLIS,18641
2807006,SE,SÃO MIGUEL DO ALEIXO,3943
2807105,SE,SIMÃO DIAS,40838
2807303,SE,TELHA,3221
2807402,SE,TOBIAS BARRETO,52156
